id,服务类型,最终叶子大小,轮数
1.0,1.0,8.0,10.0
2.0,1.0,7.0,9.0
4.0,1.0,3.0,8.0
6.0,1.0,8.0,9.0
8.0,1.0,4.0,7.0
9.0,1.0,4.0,7.0
15.0,1.0,3.0,8.0
18.0,1.0,7.0,5.0
19.0,1.0,5.0,9.0
20.0,1.0,2.0,6.0
21.0,1.0,9.0,10.0
23.0,1.0,5.0,5.0
24.0,1.0,5.0,8.0
25.0,1.0,3.0,9.0
27.0,1.0,5.0,9.0
28.0,1.0,7.0,9.0
30.0,1.0,4.0,9.0
32.0,1.0,4.0,9.0
34.0,1.0,17.0,10.0
35.0,1.0,1.0,6.0
37.0,1.0,5.0,9.0
38.0,1.0,4.0,9.0
39.0,1.0,7.0,10.0
40.0,1.0,8.0,10.0
42.0,1.0,7.0,9.0
46.0,1.0,11.0,10.0
47.0,1.0,10.0,10.0
48.0,1.0,3.0,8.0
49.0,1.0,3.0,9.0
50.0,1.0,8.0,10.0
52.0,1.0,8.0,9.0
54.0,1.0,10.0,10.0
58.0,1.0,9.0,10.0
60.0,1.0,7.0,9.0
61.0,1.0,7.0,10.0
62.0,1.0,5.0,10.0
63.0,1.0,5.0,10.0
64.0,1.0,8.0,9.0
65.0,1.0,6.0,8.0
66.0,1.0,6.0,9.0
67.0,1.0,3.0,10.0
68.0,1.0,7.0,9.0
69.0,1.0,2.0,2.0
70.0,1.0,4.0,9.0
71.0,1.0,4.0,10.0
73.0,1.0,4.0,8.0
74.0,1.0,8.0,8.0
75.0,1.0,9.0,10.0
76.0,1.0,10.0,10.0
77.0,1.0,8.0,9.0
78.0,1.0,5.0,10.0
79.0,1.0,8.0,9.0
80.0,1.0,9.0,10.0
81.0,1.0,7.0,10.0
82.0,1.0,6.0,9.0
83.0,1.0,10.0,10.0
84.0,1.0,5.0,10.0
85.0,1.0,5.0,9.0
86.0,1.0,6.0,10.0
87.0,1.0,7.0,10.0
94.0,1.0,7.0,10.0
95.0,1.0,6.0,9.0
96.0,1.0,2.0,8.0
97.0,1.0,5.0,9.0
98.0,1.0,7.0,10.0
99.0,1.0,1.0,8.0
100.0,1.0,4.0,9.0
101.0,1.0,4.0,9.0
102.0,1.0,1.0,7.0
103.0,1.0,5.0,9.0
104.0,1.0,9.0,10.0
105.0,1.0,8.0,10.0
106.0,1.0,2.0,9.0
107.0,1.0,3.0,9.0
108.0,1.0,4.0,9.0
109.0,1.0,5.0,10.0
110.0,1.0,6.0,9.0
111.0,1.0,8.0,5.0
113.0,1.0,2.0,10.0
114.0,1.0,4.0,9.0
115.0,1.0,7.0,10.0
116.0,1.0,8.0,9.0
117.0,1.0,1.0,8.0
118.0,1.0,6.0,9.0
119.0,1.0,8.0,9.0
120.0,1.0,2.0,8.0
121.0,1.0,6.0,9.0
122.0,1.0,6.0,3.0
124.0,1.0,2.0,9.0
125.0,1.0,6.0,5.0
126.0,1.0,5.0,3.0
127.0,1.0,16.0,10.0
128.0,1.0,18.0,10.0
129.0,1.0,18.0,10.0
130.0,1.0,18.0,10.0
131.0,1.0,6.0,9.0
132.0,1.0,5.0,6.0
133.0,1.0,5.0,10.0
134.0,1.0,3.0,6.0
135.0,1.0,11.0,10.0
137.0,1.0,6.0,5.0
138.0,1.0,3.0,10.0
139.0,1.0,18.0,10.0
140.0,1.0,5.0,10.0
142.0,1.0,3.0,9.0
144.0,1.0,5.0,10.0
145.0,1.0,9.0,10.0
146.0,1.0,5.0,10.0
147.0,1.0,5.0,10.0
148.0,1.0,5.0,9.0
149.0,1.0,20.0,10.0
151.0,1.0,9.0,10.0
152.0,1.0,8.0,10.0
153.0,1.0,6.0,8.0
154.0,1.0,6.0,8.0
155.0,1.0,12.0,10.0
156.0,1.0,7.0,10.0
159.0,1.0,1.0,8.0
160.0,1.0,6.0,8.0
161.0,1.0,13.0,10.0
162.0,1.0,7.0,9.0
163.0,1.0,2.0,9.0
164.0,1.0,8.0,9.0
165.0,1.0,2.0,7.0
167.0,1.0,6.0,8.0
169.0,1.0,8.0,10.0
170.0,1.0,4.0,8.0
171.0,1.0,8.0,10.0
173.0,1.0,6.0,8.0
176.0,1.0,7.0,9.0
179.0,1.0,6.0,8.0
181.0,1.0,8.0,9.0
183.0,1.0,11.0,10.0
184.0,1.0,14.0,10.0
185.0,1.0,6.0,9.0
186.0,1.0,17.0,10.0
187.0,1.0,16.0,10.0
188.0,1.0,7.0,9.0
189.0,1.0,3.0,9.0
190.0,1.0,5.0,10.0
191.0,1.0,4.0,9.0
194.0,1.0,7.0,10.0
195.0,1.0,2.0,9.0
196.0,1.0,2.0,7.0
197.0,1.0,3.0,9.0
198.0,1.0,6.0,10.0
199.0,1.0,7.0,9.0
200.0,1.0,2.0,7.0
201.0,1.0,9.0,10.0
204.0,1.0,9.0,10.0
205.0,1.0,8.0,9.0
206.0,1.0,8.0,9.0
207.0,1.0,9.0,10.0
208.0,1.0,5.0,9.0
209.0,1.0,18.0,10.0
210.0,1.0,14.0,10.0
212.0,1.0,20.0,10.0
213.0,1.0,3.0,10.0
214.0,1.0,3.0,9.0
215.0,1.0,16.0,10.0
216.0,1.0,4.0,10.0
217.0,1.0,5.0,9.0
218.0,1.0,4.0,8.0
219.0,1.0,18.0,10.0
220.0,1.0,3.0,8.0
221.0,1.0,2.0,10.0
222.0,1.0,4.0,8.0
223.0,1.0,18.0,10.0
224.0,1.0,5.0,9.0
225.0,1.0,5.0,9.0
226.0,1.0,11.0,10.0
227.0,1.0,3.0,10.0
228.0,1.0,7.0,9.0
229.0,1.0,7.0,9.0
230.0,1.0,7.0,9.0
231.0,1.0,7.0,8.0
232.0,1.0,7.0,10.0
233.0,1.0,7.0,9.0
235.0,1.0,6.0,9.0
236.0,1.0,3.0,10.0
240.0,1.0,7.0,10.0
241.0,1.0,8.0,10.0
242.0,1.0,2.0,10.0
243.0,1.0,5.0,10.0
244.0,1.0,2.0,9.0
245.0,1.0,2.0,9.0
246.0,1.0,17.0,10.0
247.0,1.0,6.0,9.0
248.0,1.0,10.0,10.0
249.0,1.0,10.0,10.0
250.0,1.0,7.0,10.0
251.0,1.0,8.0,10.0
252.0,1.0,6.0,10.0
253.0,1.0,3.0,7.0
257.0,1.0,6.0,9.0
278.0,1.0,7.0,10.0
279.0,1.0,6.0,9.0
280.0,1.0,1.0,10.0
281.0,1.0,5.0,10.0
282.0,1.0,5.0,10.0
283.0,1.0,4.0,7.0
284.0,1.0,2.0,10.0
285.0,1.0,5.0,4.0
286.0,1.0,8.0,10.0
287.0,1.0,10.0,10.0
288.0,1.0,4.0,7.0
289.0,1.0,2.0,7.0
290.0,1.0,4.0,8.0
291.0,1.0,1.0,7.0
292.0,1.0,6.0,10.0
293.0,1.0,4.0,10.0
294.0,1.0,18.0,10.0
295.0,1.0,2.0,10.0
296.0,1.0,12.0,10.0
297.0,1.0,7.0,10.0
298.0,1.0,13.0,10.0
299.0,1.0,2.0,10.0
301.0,1.0,11.0,10.0
302.0,1.0,5.0,2.0
303.0,1.0,3.0,8.0
304.0,1.0,14.0,10.0
305.0,1.0,6.0,9.0
306.0,1.0,6.0,8.0
307.0,1.0,16.0,10.0
308.0,1.0,9.0,10.0
309.0,1.0,2.0,10.0
310.0,1.0,8.0,9.0
311.0,1.0,2.0,7.0
312.0,1.0,3.0,7.0
313.0,1.0,5.0,9.0
314.0,1.0,6.0,10.0
315.0,1.0,9.0,10.0
316.0,1.0,10.0,10.0
317.0,1.0,18.0,10.0
318.0,1.0,7.0,10.0
319.0,1.0,9.0,10.0
320.0,1.0,8.0,9.0
322.0,1.0,6.0,9.0
324.0,1.0,8.0,10.0
325.0,1.0,3.0,9.0
326.0,1.0,4.0,10.0
327.0,1.0,9.0,10.0
328.0,1.0,8.0,9.0
329.0,1.0,8.0,9.0
330.0,1.0,18.0,10.0
331.0,1.0,5.0,10.0
332.0,1.0,2.0,9.0
333.0,1.0,8.0,9.0
336.0,1.0,16.0,10.0
338.0,1.0,11.0,10.0
339.0,1.0,7.0,9.0
341.0,1.0,8.0,9.0
342.0,1.0,1.0,9.0
343.0,1.0,1.0,5.0
349.0,1.0,5.0,9.0
350.0,1.0,5.0,3.0
351.0,1.0,3.0,10.0
352.0,1.0,3.0,8.0
353.0,1.0,6.0,9.0
354.0,1.0,14.0,10.0
355.0,1.0,9.0,10.0
356.0,1.0,16.0,10.0
357.0,1.0,5.0,10.0
358.0,1.0,6.0,8.0
359.0,1.0,7.0,10.0
360.0,1.0,2.0,9.0
361.0,1.0,16.0,10.0
362.0,1.0,8.0,9.0
363.0,1.0,3.0,10.0
364.0,1.0,4.0,9.0
365.0,1.0,3.0,10.0
367.0,1.0,7.0,10.0
368.0,1.0,7.0,10.0
369.0,1.0,7.0,9.0
370.0,1.0,7.0,9.0
371.0,1.0,4.0,9.0
372.0,1.0,4.0,9.0
373.0,1.0,3.0,10.0
374.0,1.0,4.0,8.0
375.0,1.0,10.0,10.0
376.0,1.0,10.0,10.0
377.0,1.0,6.0,9.0
381.0,1.0,5.0,10.0
382.0,1.0,7.0,9.0
384.0,1.0,7.0,10.0
385.0,1.0,8.0,10.0
387.0,1.0,7.0,10.0
388.0,1.0,3.0,10.0
389.0,1.0,18.0,10.0
390.0,1.0,3.0,9.0
392.0,1.0,7.0,8.0
394.0,1.0,3.0,10.0
395.0,1.0,8.0,9.0
396.0,1.0,4.0,10.0
397.0,1.0,8.0,8.0
398.0,1.0,3.0,9.0
399.0,1.0,8.0,10.0
400.0,1.0,8.0,10.0
401.0,1.0,5.0,10.0
402.0,1.0,4.0,10.0
403.0,1.0,6.0,8.0
404.0,1.0,3.0,8.0
405.0,1.0,3.0,8.0
407.0,1.0,14.0,10.0
408.0,1.0,5.0,9.0
409.0,1.0,9.0,10.0
410.0,1.0,6.0,9.0
411.0,1.0,8.0,8.0
412.0,1.0,4.0,9.0
413.0,1.0,6.0,9.0
414.0,1.0,5.0,10.0
415.0,1.0,3.0,9.0
416.0,1.0,3.0,9.0
417.0,1.0,5.0,9.0
418.0,1.0,4.0,9.0
419.0,1.0,6.0,8.0
420.0,1.0,6.0,8.0
421.0,1.0,6.0,10.0
422.0,1.0,4.0,10.0
423.0,1.0,7.0,8.0
424.0,1.0,7.0,9.0
425.0,1.0,4.0,10.0
427.0,1.0,2.0,8.0
428.0,1.0,13.0,10.0
429.0,1.0,8.0,9.0
430.0,1.0,2.0,8.0
431.0,1.0,10.0,10.0
432.0,1.0,4.0,9.0
433.0,1.0,7.0,9.0
434.0,1.0,5.0,10.0
436.0,1.0,1.0,6.0
437.0,1.0,7.0,10.0
438.0,1.0,6.0,8.0
439.0,1.0,7.0,9.0
440.0,1.0,3.0,7.0
801.0,1.0,10.0,10.0
806.0,1.0,7.0,9.0
807.0,1.0,7.0,8.0
808.0,1.0,8.0,10.0
809.0,1.0,5.0,9.0
810.0,1.0,2.0,9.0
811.0,1.0,5.0,9.0
812.0,1.0,9.0,10.0
813.0,1.0,3.0,10.0
814.0,1.0,9.0,10.0
815.0,1.0,9.0,10.0
816.0,1.0,11.0,10.0
817.0,1.0,9.0,10.0
818.0,1.0,9.0,10.0
819.0,1.0,6.0,10.0
820.0,1.0,2.0,10.0
822.0,1.0,7.0,9.0
823.0,1.0,8.0,10.0
824.0,1.0,10.0,10.0
825.0,1.0,5.0,9.0
826.0,1.0,5.0,9.0
827.0,1.0,5.0,9.0
828.0,1.0,3.0,10.0
830.0,1.0,7.0,9.0
831.0,1.0,9.0,10.0
832.0,1.0,8.0,10.0
833.0,1.0,7.0,8.0
835.0,1.0,2.0,10.0
836.0,1.0,9.0,10.0
837.0,1.0,5.0,9.0
838.0,1.0,10.0,10.0
839.0,1.0,8.0,10.0
840.0,1.0,9.0,10.0
841.0,1.0,9.0,10.0
842.0,1.0,8.0,10.0
843.0,1.0,3.0,10.0
844.0,1.0,7.0,9.0
845.0,1.0,8.0,10.0
846.0,1.0,9.0,10.0
847.0,1.0,10.0,10.0
848.0,1.0,9.0,10.0
849.0,1.0,5.0,9.0
850.0,1.0,9.0,10.0
851.0,1.0,5.0,9.0
852.0,1.0,5.0,10.0
853.0,1.0,9.0,10.0
854.0,1.0,9.0,10.0
855.0,1.0,10.0,10.0
856.0,1.0,10.0,10.0
857.0,1.0,7.0,8.0
858.0,1.0,2.0,9.0
859.0,1.0,7.0,9.0
860.0,1.0,7.0,9.0
861.0,1.0,7.0,9.0
862.0,1.0,9.0,10.0
863.0,1.0,10.0,10.0
866.0,1.0,9.0,10.0
867.0,1.0,9.0,10.0
868.0,1.0,5.0,9.0
870.0,1.0,5.0,9.0
871.0,1.0,9.0,10.0
872.0,1.0,9.0,10.0
873.0,1.0,9.0,10.0
995.0,1.0,7.0,9.0
996.0,1.0,2.0,9.0
997.0,1.0,1.0,8.0
1001.0,1.0,1.0,10.0
1004.0,1.0,2.0,9.0
1007.0,1.0,1.0,10.0
1012.0,1.0,1.0,9.0
1018.0,1.0,9.0,10.0
1019.0,1.0,15.0,10.0
1021.0,1.0,7.0,8.0
1026.0,1.0,7.0,10.0
1028.0,1.0,7.0,10.0
1029.0,1.0,22.0,10.0
1036.0,1.0,5.0,10.0
1037.0,1.0,6.0,10.0
1042.0,1.0,7.0,10.0
1045.0,1.0,22.0,10.0
1050.0,1.0,7.0,10.0
1054.0,1.0,4.0,9.0
1056.0,1.0,9.0,10.0
1057.0,1.0,9.0,10.0
1064.0,1.0,8.0,10.0
1065.0,1.0,15.0,10.0
1073.0,1.0,3.0,10.0
1075.0,1.0,1.0,10.0
1078.0,1.0,9.0,10.0
1079.0,1.0,9.0,10.0
1081.0,1.0,7.0,10.0
1082.0,1.0,6.0,10.0
1089.0,1.0,3.0,10.0
1090.0,1.0,6.0,10.0
1095.0,1.0,15.0,10.0
1098.0,1.0,8.0,10.0
1100.0,1.0,1.0,9.0
1101.0,1.0,1.0,9.0
1103.0,1.0,9.0,10.0
1104.0,1.0,21.0,10.0
1105.0,1.0,6.0,10.0
1106.0,1.0,9.0,10.0
1108.0,1.0,7.0,8.0
1109.0,1.0,15.0,10.0
1115.0,1.0,6.0,10.0
1116.0,1.0,12.0,10.0
1117.0,1.0,15.0,10.0
1118.0,1.0,15.0,10.0
1119.0,1.0,2.0,6.0
1121.0,1.0,16.0,10.0
1122.0,1.0,20.0,10.0
1123.0,1.0,7.0,10.0
1124.0,1.0,1.0,10.0
1126.0,1.0,9.0,10.0
1127.0,1.0,3.0,10.0
1128.0,1.0,20.0,10.0
1129.0,1.0,20.0,10.0
1131.0,1.0,9.0,10.0
1132.0,1.0,14.0,10.0
1133.0,1.0,6.0,10.0
1134.0,1.0,15.0,10.0
1135.0,1.0,22.0,10.0
1136.0,1.0,5.0,9.0
1137.0,1.0,5.0,10.0
1138.0,1.0,8.0,10.0
1139.0,1.0,12.0,10.0
1140.0,1.0,9.0,10.0
1141.0,1.0,9.0,10.0
1142.0,1.0,16.0,10.0
1143.0,1.0,9.0,10.0
1144.0,1.0,5.0,10.0
1145.0,1.0,9.0,10.0
1147.0,1.0,9.0,10.0
1153.0,1.0,14.0,10.0
1155.0,1.0,12.0,10.0
1156.0,1.0,12.0,10.0
1157.0,1.0,9.0,10.0
1158.0,1.0,9.0,10.0
1159.0,1.0,6.0,10.0
1160.0,1.0,6.0,10.0
1161.0,1.0,22.0,10.0
1162.0,1.0,9.0,10.0
1163.0,1.0,8.0,10.0
1164.0,1.0,5.0,9.0
1165.0,1.0,12.0,10.0
1166.0,1.0,7.0,10.0
1167.0,1.0,15.0,10.0
1168.0,1.0,21.0,10.0
1169.0,1.0,9.0,10.0
1170.0,1.0,15.0,10.0
1171.0,1.0,4.0,10.0
1173.0,1.0,22.0,10.0
1174.0,1.0,8.0,10.0
1175.0,1.0,5.0,10.0
1176.0,1.0,7.0,10.0
1177.0,1.0,53.0,10.0
1178.0,1.0,6.0,10.0
1179.0,1.0,9.0,10.0
1180.0,1.0,7.0,10.0
1181.0,1.0,14.0,10.0
1182.0,1.0,6.0,10.0
1183.0,1.0,3.0,10.0
1184.0,1.0,5.0,10.0
1185.0,1.0,8.0,10.0
1186.0,1.0,12.0,10.0
1187.0,1.0,7.0,10.0
1188.0,1.0,9.0,10.0
1189.0,1.0,21.0,10.0
1190.0,1.0,20.0,10.0
1191.0,1.0,8.0,10.0
1192.0,1.0,4.0,10.0
1193.0,1.0,7.0,10.0
1194.0,1.0,20.0,10.0
1195.0,1.0,21.0,10.0
1197.0,1.0,8.0,10.0
1198.0,1.0,8.0,9.0
1199.0,1.0,52.0,10.0
1200.0,1.0,8.0,10.0
1201.0,1.0,7.0,10.0
1203.0,1.0,9.0,10.0
1205.0,1.0,5.0,9.0
1206.0,1.0,22.0,10.0
1207.0,1.0,22.0,10.0
1209.0,1.0,9.0,10.0
1210.0,1.0,5.0,10.0
1211.0,1.0,8.0,10.0
1212.0,1.0,21.0,10.0
1215.0,1.0,15.0,10.0
1216.0,1.0,15.0,10.0
1217.0,1.0,7.0,8.0
1218.0,1.0,5.0,9.0
1219.0,1.0,5.0,9.0
1220.0,1.0,14.0,10.0
1221.0,1.0,16.0,10.0
1222.0,1.0,12.0,10.0
1224.0,1.0,16.0,10.0
1225.0,1.0,13.0,10.0
1226.0,1.0,12.0,10.0
1227.0,1.0,20.0,10.0
1228.0,1.0,20.0,10.0
1229.0,1.0,12.0,10.0
1230.0,1.0,14.0,10.0
1231.0,1.0,6.0,10.0
1232.0,1.0,15.0,10.0
1233.0,1.0,20.0,10.0
1234.0,1.0,14.0,10.0
1235.0,1.0,14.0,10.0
1236.0,1.0,20.0,10.0
1237.0,1.0,3.0,9.0
1238.0,1.0,20.0,10.0
1239.0,1.0,12.0,10.0
1240.0,1.0,53.0,10.0
1241.0,1.0,12.0,10.0
1242.0,1.0,20.0,10.0
1243.0,1.0,13.0,10.0
1244.0,1.0,15.0,10.0
1245.0,1.0,8.0,10.0
1246.0,1.0,22.0,10.0
1247.0,1.0,22.0,10.0
1248.0,1.0,7.0,8.0
1249.0,1.0,11.0,10.0
1250.0,1.0,22.0,10.0
1251.0,1.0,8.0,10.0
1252.0,1.0,2.0,9.0
1254.0,1.0,20.0,10.0
1255.0,1.0,8.0,10.0
1256.0,1.0,21.0,10.0
1257.0,1.0,8.0,9.0
1258.0,1.0,21.0,10.0
1259.0,1.0,15.0,10.0
1260.0,1.0,7.0,10.0
1261.0,1.0,21.0,10.0
1262.0,1.0,12.0,10.0
1263.0,1.0,8.0,10.0
1264.0,1.0,22.0,10.0
1265.0,1.0,16.0,10.0
1266.0,1.0,20.0,10.0
1267.0,1.0,20.0,10.0
1268.0,1.0,15.0,10.0
1269.0,1.0,20.0,10.0
1270.0,1.0,2.0,10.0
1271.0,1.0,15.0,10.0
1272.0,1.0,22.0,10.0
1274.0,1.0,15.0,10.0
1275.0,1.0,16.0,10.0
1276.0,1.0,8.0,10.0
1277.0,1.0,9.0,10.0
1278.0,1.0,20.0,10.0
1280.0,1.0,20.0,10.0
1281.0,1.0,12.0,10.0
1282.0,1.0,13.0,10.0
1283.0,1.0,21.0,10.0
1284.0,1.0,7.0,10.0
1285.0,1.0,8.0,10.0
1287.0,1.0,3.0,10.0
1289.0,1.0,8.0,9.0
1290.0,1.0,6.0,10.0
1291.0,1.0,7.0,10.0
1292.0,1.0,8.0,9.0
1293.0,1.0,9.0,10.0
1294.0,1.0,15.0,10.0
1296.0,1.0,16.0,10.0
1298.0,1.0,12.0,10.0
1299.0,1.0,3.0,10.0
1300.0,1.0,4.0,9.0
1301.0,1.0,16.0,10.0
1302.0,1.0,22.0,10.0
1307.0,1.0,12.0,10.0
3.0,2.0,3.0,7.0
4.0,2.0,5.0,8.0
5.0,2.0,8.0,9.0
6.0,2.0,7.0,9.0
8.0,2.0,4.0,10.0
9.0,2.0,5.0,10.0
10.0,2.0,7.0,8.0
11.0,2.0,5.0,8.0
12.0,2.0,5.0,8.0
13.0,2.0,5.0,10.0
14.0,2.0,3.0,10.0
15.0,2.0,6.0,8.0
22.0,2.0,3.0,7.0
26.0,2.0,2.0,7.0
38.0,2.0,2.0,9.0
39.0,2.0,7.0,10.0
40.0,2.0,7.0,9.0
41.0,2.0,8.0,7.0
50.0,2.0,6.0,10.0
51.0,2.0,8.0,9.0
53.0,2.0,4.0,9.0
55.0,2.0,5.0,10.0
56.0,2.0,5.0,10.0
57.0,2.0,2.0,8.0
59.0,2.0,4.0,9.0
79.0,2.0,8.0,7.0
89.0,2.0,3.0,9.0
90.0,2.0,3.0,8.0
91.0,2.0,5.0,7.0
93.0,2.0,4.0,9.0
94.0,2.0,3.0,9.0
95.0,2.0,7.0,9.0
96.0,2.0,7.0,9.0
97.0,2.0,6.0,10.0
98.0,2.0,8.0,9.0
99.0,2.0,6.0,8.0
100.0,2.0,5.0,9.0
102.0,2.0,5.0,8.0
105.0,2.0,5.0,8.0
117.0,2.0,3.0,9.0
119.0,2.0,8.0,8.0
121.0,2.0,5.0,7.0
123.0,2.0,6.0,8.0
136.0,2.0,5.0,9.0
141.0,2.0,7.0,9.0
152.0,2.0,7.0,10.0
153.0,2.0,6.0,10.0
154.0,2.0,2.0,9.0
155.0,2.0,4.0,10.0
156.0,2.0,7.0,10.0
157.0,2.0,6.0,9.0
158.0,2.0,2.0,8.0
159.0,2.0,4.0,9.0
160.0,2.0,7.0,9.0
161.0,2.0,5.0,9.0
162.0,2.0,7.0,7.0
163.0,2.0,4.0,8.0
164.0,2.0,7.0,7.0
165.0,2.0,8.0,9.0
166.0,2.0,8.0,9.0
167.0,2.0,6.0,10.0
168.0,2.0,6.0,7.0
169.0,2.0,5.0,9.0
170.0,2.0,8.0,9.0
171.0,2.0,6.0,9.0
172.0,2.0,8.0,8.0
173.0,2.0,6.0,10.0
174.0,2.0,8.0,9.0
175.0,2.0,8.0,8.0
176.0,2.0,7.0,9.0
177.0,2.0,4.0,7.0
178.0,2.0,8.0,9.0
180.0,2.0,4.0,8.0
181.0,2.0,5.0,9.0
182.0,2.0,2.0,4.0
191.0,2.0,4.0,10.0
192.0,2.0,3.0,10.0
193.0,2.0,8.0,9.0
205.0,2.0,8.0,9.0
206.0,2.0,6.0,9.0
208.0,2.0,8.0,9.0
211.0,2.0,4.0,10.0
218.0,2.0,8.0,9.0
234.0,2.0,6.0,9.0
235.0,2.0,9.0,10.0
236.0,2.0,3.0,9.0
237.0,2.0,8.0,10.0
238.0,2.0,7.0,6.0
239.0,2.0,8.0,8.0
254.0,2.0,8.0,9.0
255.0,2.0,3.0,9.0
256.0,2.0,3.0,7.0
257.0,2.0,8.0,9.0
258.0,2.0,7.0,9.0
259.0,2.0,4.0,7.0
261.0,2.0,9.0,10.0
262.0,2.0,9.0,10.0
274.0,2.0,5.0,9.0
278.0,2.0,7.0,10.0
279.0,2.0,8.0,9.0
280.0,2.0,7.0,9.0
281.0,2.0,4.0,10.0
282.0,2.0,6.0,10.0
283.0,2.0,4.0,9.0
284.0,2.0,7.0,9.0
285.0,2.0,2.0,3.0
286.0,2.0,6.0,9.0
287.0,2.0,5.0,10.0
288.0,2.0,6.0,9.0
289.0,2.0,8.0,8.0
290.0,2.0,11.0,10.0
291.0,2.0,7.0,9.0
292.0,2.0,11.0,10.0
293.0,2.0,8.0,8.0
294.0,2.0,8.0,8.0
295.0,2.0,5.0,10.0
296.0,2.0,4.0,10.0
297.0,2.0,4.0,10.0
298.0,2.0,6.0,10.0
299.0,2.0,8.0,9.0
300.0,2.0,8.0,9.0
305.0,2.0,3.0,8.0
313.0,2.0,6.0,9.0
321.0,2.0,2.0,9.0
328.0,2.0,2.0,8.0
331.0,2.0,2.0,7.0
333.0,2.0,2.0,7.0
335.0,2.0,3.0,7.0
337.0,2.0,4.0,7.0
339.0,2.0,4.0,9.0
344.0,2.0,7.0,6.0
345.0,2.0,5.0,9.0
346.0,2.0,6.0,8.0
348.0,2.0,4.0,10.0
349.0,2.0,4.0,9.0
350.0,2.0,1.0,4.0
373.0,2.0,5.0,9.0
379.0,2.0,5.0,9.0
380.0,2.0,7.0,7.0
384.0,2.0,8.0,9.0
386.0,2.0,7.0,6.0
387.0,2.0,4.0,10.0
388.0,2.0,5.0,10.0
390.0,2.0,4.0,9.0
391.0,2.0,8.0,9.0
392.0,2.0,4.0,9.0
393.0,2.0,5.0,10.0
397.0,2.0,7.0,10.0
398.0,2.0,7.0,10.0
400.0,2.0,8.0,9.0
401.0,2.0,10.0,10.0
402.0,2.0,5.0,7.0
403.0,2.0,5.0,9.0
404.0,2.0,6.0,9.0
405.0,2.0,6.0,8.0
410.0,2.0,3.0,8.0
415.0,2.0,7.0,6.0
416.0,2.0,6.0,8.0
420.0,2.0,5.0,8.0
424.0,2.0,8.0,9.0
426.0,2.0,2.0,8.0
427.0,2.0,8.0,8.0
428.0,2.0,5.0,10.0
429.0,2.0,8.0,8.0
430.0,2.0,4.0,9.0
431.0,2.0,2.0,8.0
432.0,2.0,3.0,9.0
433.0,2.0,7.0,7.0
434.0,2.0,2.0,9.0
435.0,2.0,8.0,7.0
800.0,2.0,6.0,8.0
876.0,2.0,7.0,9.0
877.0,2.0,6.0,8.0
878.0,2.0,8.0,7.0
880.0,2.0,8.0,9.0
881.0,2.0,4.0,10.0
882.0,2.0,5.0,8.0
883.0,2.0,4.0,10.0
885.0,2.0,6.0,8.0
886.0,2.0,5.0,9.0
887.0,2.0,8.0,9.0
888.0,2.0,4.0,9.0
889.0,2.0,5.0,9.0
890.0,2.0,5.0,8.0
891.0,2.0,7.0,9.0
892.0,2.0,3.0,10.0
893.0,2.0,6.0,9.0
894.0,2.0,2.0,8.0
895.0,2.0,3.0,8.0
896.0,2.0,9.0,10.0
897.0,2.0,3.0,8.0
898.0,2.0,7.0,9.0
906.0,2.0,8.0,9.0
926.0,2.0,8.0,7.0
927.0,2.0,4.0,8.0
928.0,2.0,5.0,7.0
930.0,2.0,5.0,9.0
932.0,2.0,4.0,10.0
935.0,2.0,7.0,9.0
936.0,2.0,6.0,7.0
938.0,2.0,6.0,7.0
939.0,2.0,7.0,9.0
942.0,2.0,6.0,9.0
949.0,2.0,3.0,8.0
951.0,2.0,6.0,9.0
956.0,2.0,7.0,7.0
957.0,2.0,4.0,10.0
958.0,2.0,4.0,10.0
959.0,2.0,7.0,8.0
960.0,2.0,4.0,8.0
962.0,2.0,4.0,8.0
963.0,2.0,7.0,9.0
964.0,2.0,5.0,8.0
965.0,2.0,4.0,10.0
968.0,2.0,8.0,9.0
981.0,2.0,7.0,7.0
982.0,2.0,7.0,9.0
983.0,2.0,6.0,8.0
984.0,2.0,3.0,8.0
985.0,2.0,10.0,10.0
986.0,2.0,5.0,7.0
987.0,2.0,6.0,8.0
988.0,2.0,4.0,10.0
989.0,2.0,8.0,6.0
990.0,2.0,7.0,9.0
991.0,2.0,6.0,10.0
992.0,2.0,7.0,9.0
993.0,2.0,5.0,7.0
994.0,2.0,7.0,8.0
1003.0,2.0,6.0,9.0
1016.0,2.0,4.0,9.0
1032.0,2.0,6.0,9.0
1033.0,2.0,11.0,10.0
1034.0,2.0,5.0,10.0
1035.0,2.0,11.0,10.0
1038.0,2.0,8.0,9.0
1039.0,2.0,5.0,9.0
1040.0,2.0,6.0,8.0
1041.0,2.0,7.0,9.0
1043.0,2.0,8.0,9.0
1044.0,2.0,4.0,9.0
1046.0,2.0,3.0,8.0
1047.0,2.0,10.0,10.0
1048.0,2.0,5.0,9.0
1049.0,2.0,6.0,9.0
1060.0,2.0,6.0,9.0
1061.0,2.0,5.0,8.0
1062.0,2.0,6.0,9.0
1063.0,2.0,8.0,8.0
1066.0,2.0,5.0,9.0
1067.0,2.0,2.0,10.0
1068.0,2.0,6.0,8.0
1069.0,2.0,7.0,9.0
1071.0,2.0,6.0,9.0
1072.0,2.0,6.0,9.0
1074.0,2.0,6.0,9.0
1085.0,2.0,8.0,6.0
1087.0,2.0,10.0,10.0
1088.0,2.0,6.0,9.0
1091.0,2.0,4.0,10.0
1093.0,2.0,6.0,9.0
1094.0,2.0,8.0,6.0
1096.0,2.0,8.0,8.0
1097.0,2.0,8.0,7.0
1099.0,2.0,6.0,8.0
1303.0,2.0,7.0,10.0
1304.0,2.0,6.0,9.0
1305.0,2.0,8.0,9.0
1306.0,2.0,5.0,8.0
1307.0,2.0,6.0,10.0
3.0,3.0,3.0,6.0
4.0,3.0,6.0,9.0
6.0,3.0,8.0,9.0
9.0,3.0,8.0,10.0
15.0,3.0,6.0,9.0
26.0,3.0,5.0,7.0
41.0,3.0,4.0,8.0
92.0,3.0,6.0,9.0
94.0,3.0,7.0,8.0
95.0,3.0,8.0,9.0
96.0,3.0,8.0,9.0
97.0,3.0,7.0,10.0
98.0,3.0,7.0,8.0
99.0,3.0,8.0,9.0
100.0,3.0,4.0,9.0
102.0,3.0,7.0,10.0
105.0,3.0,10.0,10.0
109.0,3.0,8.0,8.0
121.0,3.0,7.0,8.0
123.0,3.0,3.0,8.0
141.0,3.0,7.0,8.0
153.0,3.0,7.0,9.0
157.0,3.0,4.0,10.0
158.0,3.0,8.0,9.0
161.0,3.0,7.0,9.0
163.0,3.0,10.0,10.0
168.0,3.0,7.0,8.0
169.0,3.0,6.0,9.0
170.0,3.0,8.0,8.0
172.0,3.0,6.0,9.0
174.0,3.0,8.0,9.0
175.0,3.0,7.0,10.0
176.0,3.0,6.0,9.0
177.0,3.0,3.0,8.0
180.0,3.0,7.0,8.0
181.0,3.0,5.0,10.0
182.0,3.0,1.0,4.0
192.0,3.0,6.0,9.0
196.0,3.0,6.0,8.0
197.0,3.0,4.0,8.0
208.0,3.0,8.0,9.0
211.0,3.0,5.0,9.0
220.0,3.0,1.0,7.0
234.0,3.0,2.0,10.0
235.0,3.0,7.0,10.0
236.0,3.0,6.0,8.0
237.0,3.0,8.0,10.0
238.0,3.0,3.0,6.0
239.0,3.0,5.0,9.0
257.0,3.0,8.0,9.0
258.0,3.0,9.0,10.0
260.0,3.0,3.0,7.0
263.0,3.0,2.0,8.0
264.0,3.0,5.0,8.0
265.0,3.0,7.0,8.0
266.0,3.0,8.0,8.0
267.0,3.0,8.0,9.0
268.0,3.0,5.0,8.0
269.0,3.0,7.0,8.0
270.0,3.0,3.0,9.0
271.0,3.0,8.0,8.0
272.0,3.0,4.0,8.0
273.0,3.0,10.0,10.0
274.0,3.0,3.0,10.0
275.0,3.0,5.0,7.0
276.0,3.0,7.0,8.0
277.0,3.0,5.0,8.0
290.0,3.0,6.0,10.0
300.0,3.0,3.0,9.0
334.0,3.0,8.0,7.0
335.0,3.0,2.0,8.0
347.0,3.0,4.0,7.0
379.0,3.0,4.0,9.0
380.0,3.0,6.0,9.0
385.0,3.0,4.0,9.0
388.0,3.0,6.0,9.0
391.0,3.0,8.0,9.0
398.0,3.0,10.0,10.0
400.0,3.0,8.0,9.0
401.0,3.0,4.0,9.0
403.0,3.0,5.0,9.0
404.0,3.0,10.0,10.0
405.0,3.0,8.0,8.0
406.0,3.0,3.0,8.0
410.0,3.0,6.0,7.0
416.0,3.0,8.0,7.0
424.0,3.0,5.0,9.0
427.0,3.0,8.0,8.0
433.0,3.0,3.0,8.0
435.0,3.0,5.0,7.0
906.0,3.0,5.0,9.0
926.0,3.0,6.0,9.0
927.0,3.0,8.0,10.0
928.0,3.0,6.0,8.0
930.0,3.0,8.0,8.0
932.0,3.0,5.0,8.0
935.0,3.0,8.0,9.0
936.0,3.0,4.0,7.0
938.0,3.0,5.0,6.0
939.0,3.0,4.0,9.0
942.0,3.0,4.0,7.0
949.0,3.0,7.0,7.0
951.0,3.0,8.0,10.0
956.0,3.0,4.0,10.0
957.0,3.0,8.0,10.0
958.0,3.0,8.0,9.0
959.0,3.0,4.0,7.0
960.0,3.0,6.0,8.0
962.0,3.0,5.0,9.0
963.0,3.0,4.0,9.0
964.0,3.0,7.0,9.0
965.0,3.0,6.0,7.0
968.0,3.0,5.0,8.0
981.0,3.0,7.0,7.0
982.0,3.0,2.0,8.0
983.0,3.0,8.0,10.0
984.0,3.0,2.0,7.0
985.0,3.0,4.0,10.0
986.0,3.0,5.0,10.0
987.0,3.0,5.0,9.0
988.0,3.0,5.0,9.0
989.0,3.0,7.0,8.0
990.0,3.0,6.0,8.0
991.0,3.0,5.0,8.0
992.0,3.0,6.0,7.0
993.0,3.0,4.0,10.0
994.0,3.0,6.0,9.0
998.0,3.0,3.0,7.0
1000.0,3.0,5.0,9.0
1002.0,3.0,8.0,7.0
1005.0,3.0,9.0,10.0
1020.0,3.0,5.0,8.0
1022.0,3.0,1.0,9.0
1023.0,3.0,8.0,7.0
1024.0,3.0,5.0,10.0
1025.0,3.0,8.0,10.0
1027.0,3.0,5.0,9.0
1030.0,3.0,8.0,10.0
1031.0,3.0,7.0,9.0
1051.0,3.0,7.0,10.0
1052.0,3.0,3.0,10.0
1053.0,3.0,7.0,9.0
1058.0,3.0,4.0,8.0
1059.0,3.0,8.0,10.0
1076.0,3.0,6.0,9.0
1077.0,3.0,2.0,10.0
1080.0,3.0,10.0,10.0
1083.0,3.0,8.0,8.0
1084.0,3.0,6.0,9.0
1303.0,3.0,7.0,9.0
1304.0,3.0,5.0,7.0
1305.0,3.0,3.0,10.0
1306.0,3.0,8.0,10.0
1307.0,3.0,8.0,8.0
5.0,4.0,6.0,7.0
7.0,4.0,7.0,8.0
8.0,4.0,5.0,10.0
9.0,4.0,8.0,7.0
10.0,4.0,5.0,8.0
11.0,4.0,7.0,8.0
12.0,4.0,5.0,8.0
13.0,4.0,7.0,7.0
14.0,4.0,8.0,8.0
15.0,4.0,2.0,6.0
16.0,4.0,6.0,8.0
17.0,4.0,6.0,6.0
25.0,4.0,5.0,7.0
34.0,4.0,6.0,7.0
35.0,4.0,4.0,6.0
36.0,4.0,6.0,5.0
43.0,4.0,4.0,6.0
44.0,4.0,4.0,6.0
45.0,4.0,2.0,9.0
48.0,4.0,7.0,7.0
55.0,4.0,5.0,8.0
67.0,4.0,7.0,8.0
71.0,4.0,7.0,6.0
72.0,4.0,3.0,6.0
88.0,4.0,6.0,6.0
99.0,4.0,6.0,7.0
129.0,4.0,5.0,8.0
131.0,4.0,7.0,6.0
138.0,4.0,4.0,10.0
143.0,4.0,5.0,8.0
145.0,4.0,5.0,9.0
149.0,4.0,2.0,8.0
167.0,4.0,4.0,7.0
173.0,4.0,7.0,7.0
201.0,4.0,7.0,8.0
215.0,4.0,7.0,7.0
235.0,4.0,7.0,7.0
258.0,4.0,6.0,7.0
298.0,4.0,8.0,8.0
302.0,4.0,6.0,5.0
304.0,4.0,6.0,7.0
324.0,4.0,7.0,9.0
326.0,4.0,8.0,7.0
328.0,4.0,2.0,7.0
339.0,4.0,2.0,6.0
349.0,4.0,7.0,7.0
350.0,4.0,6.0,5.0
366.0,4.0,6.0,5.0
378.0,4.0,6.0,5.0
390.0,4.0,6.0,7.0
391.0,4.0,7.0,6.0
392.0,4.0,5.0,6.0
398.0,4.0,7.0,8.0
399.0,4.0,8.0,7.0
401.0,4.0,7.0,10.0
402.0,4.0,8.0,8.0
403.0,4.0,3.0,8.0
404.0,4.0,8.0,7.0
419.0,4.0,7.0,7.0
420.0,4.0,7.0,10.0
428.0,4.0,6.0,7.0
430.0,4.0,5.0,8.0
432.0,4.0,6.0,6.0
434.0,4.0,1.0,8.0
436.0,4.0,4.0,5.0
437.0,4.0,5.0,8.0
438.0,4.0,8.0,8.0
439.0,4.0,3.0,8.0
805.0,4.0,3.0,7.0
834.0,4.0,7.0,7.0
1303.0,4.0,5.0,6.0
1305.0,4.0,6.0,7.0
3.0,5.0,4.0,6.0
11.0,5.0,3.0,6.0
166.0,5.0,8.0,6.0
173.0,5.0,4.0,6.0
178.0,5.0,8.0,5.0
211.0,5.0,7.0,6.0
234.0,5.0,6.0,6.0
237.0,5.0,8.0,5.0
238.0,5.0,3.0,5.0
239.0,5.0,8.0,6.0
254.0,5.0,8.0,6.0
257.0,5.0,8.0,6.0
344.0,5.0,8.0,6.0
386.0,5.0,6.0,5.0
27.0,6.0,5.0,7.0
28.0,6.0,4.0,7.0
30.0,6.0,5.0,6.0
33.0,6.0,8.0,7.0
37.0,6.0,8.0,6.0
66.0,6.0,6.0,9.0
122.0,6.0,1.0,4.0
148.0,6.0,8.0,6.0
150.0,6.0,4.0,7.0
167.0,6.0,8.0,6.0
190.0,6.0,7.0,7.0
191.0,6.0,4.0,7.0
202.0,6.0,4.0,7.0
203.0,6.0,5.0,7.0
206.0,6.0,8.0,6.0
208.0,6.0,8.0,7.0
209.0,6.0,8.0,7.0
210.0,6.0,3.0,8.0
212.0,6.0,5.0,8.0
213.0,6.0,6.0,7.0
214.0,6.0,6.0,7.0
216.0,6.0,6.0,7.0
217.0,6.0,8.0,7.0
218.0,6.0,8.0,7.0
219.0,6.0,8.0,9.0
221.0,6.0,2.0,7.0
222.0,6.0,6.0,7.0
223.0,6.0,6.0,9.0
224.0,6.0,4.0,7.0
225.0,6.0,7.0,7.0
226.0,6.0,6.0,8.0
227.0,6.0,6.0,6.0
228.0,6.0,4.0,8.0
230.0,6.0,8.0,6.0
236.0,6.0,5.0,7.0
299.0,6.0,4.0,7.0
310.0,6.0,8.0,7.0
323.0,6.0,7.0,8.0
332.0,6.0,8.0,6.0
348.0,6.0,8.0,5.0
353.0,6.0,8.0,8.0
360.0,6.0,7.0,7.0
361.0,6.0,8.0,6.0
370.0,6.0,7.0,8.0
377.0,6.0,6.0,6.0
390.0,6.0,5.0,7.0
407.0,6.0,8.0,8.0
411.0,6.0,6.0,8.0
420.0,6.0,8.0,5.0
4.0,12.0,4.0,8.0
6.0,12.0,6.0,9.0
8.0,12.0,8.0,5.0
9.0,12.0,8.0,5.0
15.0,12.0,6.0,8.0
38.0,12.0,6.0,10.0
39.0,12.0,5.0,9.0
40.0,12.0,5.0,9.0
50.0,12.0,7.0,9.0
79.0,12.0,8.0,8.0
94.0,12.0,6.0,7.0
95.0,12.0,2.0,7.0
96.0,12.0,7.0,8.0
97.0,12.0,3.0,9.0
98.0,12.0,7.0,9.0
99.0,12.0,6.0,7.0
100.0,12.0,4.0,7.0
102.0,12.0,6.0,7.0
105.0,12.0,5.0,9.0
117.0,12.0,5.0,10.0
119.0,12.0,4.0,8.0
121.0,12.0,3.0,7.0
152.0,12.0,3.0,8.0
153.0,12.0,5.0,10.0
154.0,12.0,8.0,7.0
155.0,12.0,6.0,8.0
156.0,12.0,7.0,10.0
159.0,12.0,6.0,6.0
160.0,12.0,8.0,9.0
161.0,12.0,7.0,9.0
162.0,12.0,3.0,10.0
163.0,12.0,6.0,9.0
164.0,12.0,8.0,7.0
165.0,12.0,8.0,5.0
167.0,12.0,6.0,6.0
169.0,12.0,6.0,8.0
170.0,12.0,8.0,7.0
171.0,12.0,5.0,9.0
173.0,12.0,6.0,6.0
176.0,12.0,5.0,10.0
181.0,12.0,5.0,9.0
191.0,12.0,2.0,8.0
205.0,12.0,5.0,8.0
206.0,12.0,7.0,8.0
208.0,12.0,7.0,6.0
218.0,12.0,6.0,8.0
235.0,12.0,5.0,8.0
236.0,12.0,4.0,8.0
257.0,12.0,4.0,9.0
278.0,12.0,8.0,10.0
279.0,12.0,3.0,8.0
280.0,12.0,6.0,6.0
281.0,12.0,3.0,8.0
282.0,12.0,5.0,8.0
283.0,12.0,8.0,5.0
284.0,12.0,6.0,6.0
285.0,12.0,1.0,3.0
286.0,12.0,2.0,9.0
287.0,12.0,5.0,10.0
288.0,12.0,8.0,5.0
289.0,12.0,8.0,5.0
290.0,12.0,3.0,7.0
291.0,12.0,8.0,5.0
292.0,12.0,8.0,8.0
293.0,12.0,4.0,8.0
294.0,12.0,5.0,6.0
295.0,12.0,6.0,6.0
296.0,12.0,7.0,10.0
297.0,12.0,7.0,8.0
298.0,12.0,8.0,10.0
299.0,12.0,6.0,10.0
305.0,12.0,6.0,6.0
313.0,12.0,5.0,8.0
328.0,12.0,4.0,9.0
331.0,12.0,4.0,10.0
333.0,12.0,4.0,10.0
339.0,12.0,5.0,9.0
349.0,12.0,4.0,6.0
350.0,12.0,1.0,4.0
373.0,12.0,6.0,8.0
384.0,12.0,4.0,8.0
387.0,12.0,8.0,10.0
388.0,12.0,6.0,9.0
390.0,12.0,6.0,9.0
392.0,12.0,4.0,6.0
397.0,12.0,7.0,8.0
398.0,12.0,4.0,8.0
400.0,12.0,5.0,9.0
401.0,12.0,6.0,10.0
402.0,12.0,6.0,8.0
403.0,12.0,6.0,6.0
404.0,12.0,7.0,6.0
405.0,12.0,5.0,8.0
410.0,12.0,3.0,6.0
415.0,12.0,7.0,6.0
416.0,12.0,6.0,8.0
420.0,12.0,6.0,8.0
424.0,12.0,5.0,9.0
427.0,12.0,7.0,8.0
428.0,12.0,8.0,10.0
429.0,12.0,8.0,10.0
430.0,12.0,6.0,7.0
431.0,12.0,2.0,9.0
432.0,12.0,5.0,9.0
433.0,12.0,4.0,6.0
434.0,12.0,4.0,10.0
1307.0,12.0,4.0,10.0
4.0,13.0,6.0,8.0
6.0,13.0,7.0,8.0
9.0,13.0,5.0,9.0
15.0,13.0,3.0,6.0
94.0,13.0,5.0,7.0
95.0,13.0,5.0,9.0
96.0,13.0,3.0,7.0
97.0,13.0,5.0,7.0
98.0,13.0,7.0,7.0
99.0,13.0,2.0,7.0
100.0,13.0,8.0,7.0
102.0,13.0,7.0,8.0
105.0,13.0,7.0,8.0
109.0,13.0,7.0,7.0
121.0,13.0,8.0,7.0
153.0,13.0,7.0,8.0
161.0,13.0,7.0,7.0
163.0,13.0,8.0,7.0
169.0,13.0,6.0,9.0
170.0,13.0,2.0,8.0
176.0,13.0,6.0,7.0
181.0,13.0,4.0,8.0
196.0,13.0,7.0,7.0
197.0,13.0,7.0,7.0
208.0,13.0,3.0,7.0
220.0,13.0,3.0,7.0
235.0,13.0,8.0,7.0
236.0,13.0,6.0,7.0
257.0,13.0,3.0,9.0
290.0,13.0,8.0,7.0
385.0,13.0,7.0,7.0
388.0,13.0,8.0,9.0
398.0,13.0,6.0,8.0
400.0,13.0,6.0,9.0
401.0,13.0,8.0,7.0
403.0,13.0,3.0,7.0
404.0,13.0,7.0,7.0
405.0,13.0,3.0,6.0
410.0,13.0,4.0,7.0
416.0,13.0,3.0,7.0
424.0,13.0,7.0,8.0
427.0,13.0,3.0,9.0
433.0,13.0,6.0,7.0
1307.0,13.0,5.0,7.0
8.0,14.0,5.0,9.0
9.0,14.0,7.0,7.0
15.0,14.0,8.0,5.0
25.0,14.0,6.0,7.0
34.0,14.0,7.0,7.0
35.0,14.0,8.0,7.0
48.0,14.0,3.0,7.0
67.0,14.0,4.0,6.0
71.0,14.0,7.0,7.0
99.0,14.0,8.0,5.0
129.0,14.0,8.0,6.0
131.0,14.0,7.0,7.0
138.0,14.0,8.0,7.0
145.0,14.0,4.0,7.0
149.0,14.0,7.0,7.0
167.0,14.0,6.0,6.0
173.0,14.0,6.0,8.0
201.0,14.0,5.0,8.0
215.0,14.0,5.0,6.0
235.0,14.0,4.0,5.0
298.0,14.0,8.0,7.0
302.0,14.0,4.0,4.0
304.0,14.0,6.0,7.0
324.0,14.0,6.0,8.0
326.0,14.0,7.0,7.0
328.0,14.0,6.0,7.0
339.0,14.0,6.0,8.0
349.0,14.0,3.0,7.0
350.0,14.0,5.0,5.0
390.0,14.0,5.0,7.0
392.0,14.0,6.0,6.0
398.0,14.0,8.0,8.0
399.0,14.0,5.0,9.0
401.0,14.0,6.0,7.0
402.0,14.0,7.0,7.0
403.0,14.0,7.0,4.0
404.0,14.0,4.0,9.0
419.0,14.0,6.0,8.0
420.0,14.0,5.0,8.0
428.0,14.0,4.0,9.0
430.0,14.0,8.0,7.0
432.0,14.0,5.0,7.0
434.0,14.0,3.0,8.0
436.0,14.0,1.0,8.0
437.0,14.0,6.0,8.0
438.0,14.0,8.0,7.0
439.0,14.0,3.0,6.0
27.0,16.0,5.0,7.0
28.0,16.0,8.0,7.0
30.0,16.0,5.0,5.0
37.0,16.0,7.0,7.0
66.0,16.0,8.0,7.0
122.0,16.0,1.0,5.0
148.0,16.0,5.0,8.0
167.0,16.0,8.0,8.0
190.0,16.0,5.0,6.0
191.0,16.0,7.0,6.0
206.0,16.0,1.0,7.0
208.0,16.0,5.0,8.0
209.0,16.0,6.0,8.0
210.0,16.0,8.0,6.0
212.0,16.0,8.0,8.0
213.0,16.0,7.0,8.0
214.0,16.0,7.0,7.0
216.0,16.0,4.0,8.0
217.0,16.0,8.0,7.0
218.0,16.0,7.0,6.0
219.0,16.0,6.0,9.0
221.0,16.0,7.0,6.0
222.0,16.0,5.0,6.0
223.0,16.0,5.0,8.0
224.0,16.0,6.0,7.0
225.0,16.0,5.0,8.0
226.0,16.0,8.0,8.0
227.0,16.0,3.0,8.0
228.0,16.0,7.0,6.0
230.0,16.0,8.0,6.0
236.0,16.0,7.0,6.0
299.0,16.0,5.0,7.0
310.0,16.0,5.0,8.0
332.0,16.0,8.0,7.0
353.0,16.0,6.0,9.0
360.0,16.0,5.0,8.0
361.0,16.0,6.0,6.0
370.0,16.0,5.0,7.0
377.0,16.0,8.0,7.0
390.0,16.0,7.0,6.0
407.0,16.0,5.0,8.0
411.0,16.0,5.0,5.0
420.0,16.0,7.0,6.0
3.0,23.0,3.0,9.0
4.0,23.0,8.0,7.0
6.0,23.0,4.0,10.0
9.0,23.0,6.0,8.0
15.0,23.0,6.0,7.0
26.0,23.0,3.0,8.0
41.0,23.0,7.0,7.0
94.0,23.0,8.0,7.0
95.0,23.0,7.0,10.0
96.0,23.0,7.0,7.0
97.0,23.0,6.0,10.0
98.0,23.0,5.0,8.0
99.0,23.0,6.0,10.0
100.0,23.0,4.0,8.0
102.0,23.0,6.0,9.0
105.0,23.0,6.0,8.0
121.0,23.0,2.0,8.0
123.0,23.0,7.0,10.0
141.0,23.0,7.0,8.0
153.0,23.0,3.0,8.0
157.0,23.0,4.0,10.0
158.0,23.0,7.0,7.0
161.0,23.0,8.0,9.0
163.0,23.0,6.0,8.0
168.0,23.0,3.0,7.0
169.0,23.0,5.0,10.0
170.0,23.0,5.0,9.0
172.0,23.0,7.0,8.0
174.0,23.0,5.0,10.0
175.0,23.0,8.0,9.0
176.0,23.0,4.0,9.0
177.0,23.0,1.0,7.0
180.0,23.0,4.0,6.0
181.0,23.0,7.0,8.0
182.0,23.0,1.0,4.0
192.0,23.0,7.0,9.0
208.0,23.0,7.0,7.0
211.0,23.0,6.0,9.0
234.0,23.0,5.0,8.0
235.0,23.0,7.0,8.0
236.0,23.0,5.0,8.0
237.0,23.0,4.0,7.0
238.0,23.0,6.0,9.0
239.0,23.0,6.0,9.0
257.0,23.0,6.0,9.0
258.0,23.0,4.0,9.0
274.0,23.0,7.0,7.0
290.0,23.0,2.0,8.0
300.0,23.0,5.0,9.0
335.0,23.0,2.0,7.0
379.0,23.0,6.0,8.0
380.0,23.0,7.0,9.0
388.0,23.0,4.0,9.0
391.0,23.0,2.0,8.0
398.0,23.0,6.0,8.0
400.0,23.0,6.0,7.0
401.0,23.0,7.0,10.0
403.0,23.0,5.0,8.0
404.0,23.0,3.0,8.0
405.0,23.0,8.0,8.0
410.0,23.0,4.0,6.0
416.0,23.0,6.0,7.0
424.0,23.0,8.0,8.0
427.0,23.0,7.0,8.0
433.0,23.0,2.0,7.0
435.0,23.0,4.0,6.0
906.0,23.0,4.0,8.0
926.0,23.0,5.0,10.0
927.0,23.0,5.0,10.0
928.0,23.0,8.0,9.0
930.0,23.0,6.0,8.0
932.0,23.0,8.0,9.0
935.0,23.0,6.0,9.0
936.0,23.0,4.0,9.0
938.0,23.0,4.0,8.0
939.0,23.0,5.0,10.0
942.0,23.0,5.0,9.0
949.0,23.0,3.0,8.0
951.0,23.0,6.0,8.0
956.0,23.0,5.0,8.0
957.0,23.0,4.0,9.0
958.0,23.0,7.0,7.0
959.0,23.0,4.0,9.0
960.0,23.0,5.0,7.0
962.0,23.0,5.0,8.0
963.0,23.0,4.0,7.0
964.0,23.0,4.0,8.0
965.0,23.0,6.0,7.0
968.0,23.0,6.0,8.0
981.0,23.0,5.0,9.0
982.0,23.0,6.0,8.0
983.0,23.0,4.0,6.0
984.0,23.0,6.0,7.0
985.0,23.0,5.0,9.0
986.0,23.0,8.0,8.0
987.0,23.0,7.0,7.0
988.0,23.0,8.0,8.0
989.0,23.0,4.0,9.0
990.0,23.0,5.0,8.0
991.0,23.0,8.0,9.0
992.0,23.0,8.0,9.0
993.0,23.0,8.0,8.0
994.0,23.0,4.0,6.0
1303.0,23.0,4.0,9.0
1304.0,23.0,5.0,8.0
1305.0,23.0,6.0,9.0
1306.0,23.0,6.0,10.0
1307.0,23.0,5.0,9.0
5.0,24.0,5.0,4.0
8.0,24.0,7.0,5.0
9.0,24.0,8.0,7.0
10.0,24.0,5.0,9.0
11.0,24.0,5.0,9.0
12.0,24.0,7.0,9.0
13.0,24.0,2.0,9.0
14.0,24.0,7.0,8.0
15.0,24.0,5.0,4.0
55.0,24.0,5.0,7.0
99.0,24.0,7.0,6.0
167.0,24.0,4.0,6.0
173.0,24.0,4.0,6.0
235.0,24.0,8.0,7.0
258.0,24.0,7.0,6.0
298.0,24.0,8.0,7.0
328.0,24.0,3.0,7.0
339.0,24.0,6.0,8.0
349.0,24.0,3.0,7.0
350.0,24.0,1.0,4.0
390.0,24.0,7.0,7.0
391.0,24.0,4.0,8.0
392.0,24.0,6.0,6.0
398.0,24.0,5.0,7.0
401.0,24.0,8.0,9.0
402.0,24.0,6.0,8.0
403.0,24.0,4.0,5.0
404.0,24.0,5.0,8.0
420.0,24.0,8.0,7.0
428.0,24.0,8.0,6.0
430.0,24.0,7.0,8.0
432.0,24.0,5.0,6.0
434.0,24.0,8.0,7.0
1303.0,24.0,8.0,6.0
1305.0,24.0,8.0,7.0
3.0,25.0,8.0,5.0
11.0,25.0,6.0,5.0
166.0,25.0,7.0,7.0
173.0,25.0,6.0,5.0
178.0,25.0,8.0,5.0
211.0,25.0,2.0,7.0
234.0,25.0,6.0,7.0
237.0,25.0,5.0,5.0
238.0,25.0,4.0,5.0
239.0,25.0,5.0,5.0
254.0,25.0,4.0,6.0
257.0,25.0,7.0,6.0
344.0,25.0,4.0,5.0
386.0,25.0,6.0,5.0
360.0,56.0,7.0,5.0
371.0,56.0,8.0,5.0
377.0,56.0,7.0,5.0
390.0,56.0,7.0,5.0
391.0,56.0,5.0,5.0
393.0,56.0,6.0,5.0
401.0,56.0,5.0,6.0
411.0,56.0,6.0,5.0
415.0,56.0,7.0,5.0
420.0,56.0,6.0,5.0
422.0,56.0,6.0,5.0
425.0,56.0,6.0,5.0
4.0,123.0,7.0,5.0
6.0,123.0,6.0,8.0
9.0,123.0,8.0,8.0
15.0,123.0,6.0,6.0
94.0,123.0,5.0,6.0
95.0,123.0,8.0,5.0
96.0,123.0,6.0,6.0
97.0,123.0,7.0,7.0
98.0,123.0,6.0,8.0
99.0,123.0,7.0,5.0
100.0,123.0,4.0,8.0
102.0,123.0,8.0,5.0
105.0,123.0,8.0,8.0
121.0,123.0,1.0,6.0
153.0,123.0,5.0,6.0
161.0,123.0,8.0,5.0
163.0,123.0,5.0,7.0
169.0,123.0,6.0,9.0
170.0,123.0,8.0,5.0
176.0,123.0,8.0,7.0
181.0,123.0,7.0,6.0
208.0,123.0,2.0,7.0
235.0,123.0,8.0,6.0
236.0,123.0,8.0,6.0
257.0,123.0,8.0,7.0
290.0,123.0,8.0,5.0
388.0,123.0,8.0,7.0
398.0,123.0,5.0,7.0
400.0,123.0,8.0,8.0
401.0,123.0,8.0,7.0
403.0,123.0,8.0,5.0
404.0,123.0,7.0,8.0
405.0,123.0,5.0,8.0
410.0,123.0,6.0,6.0
416.0,123.0,5.0,7.0
424.0,123.0,8.0,7.0
427.0,123.0,8.0,7.0
433.0,123.0,2.0,6.0
1307.0,123.0,4.0,8.0
8.0,124.0,8.0,7.0
9.0,124.0,8.0,6.0
15.0,124.0,7.0,7.0
99.0,124.0,5.0,8.0
167.0,124.0,3.0,6.0
173.0,124.0,5.0,7.0
235.0,124.0,5.0,7.0
298.0,124.0,7.0,5.0
328.0,124.0,7.0,7.0
339.0,124.0,6.0,7.0
349.0,124.0,3.0,7.0
350.0,124.0,6.0,5.0
390.0,124.0,6.0,5.0
392.0,124.0,7.0,7.0
398.0,124.0,7.0,7.0
401.0,124.0,7.0,6.0
402.0,124.0,8.0,6.0
403.0,124.0,6.0,8.0
404.0,124.0,5.0,6.0
420.0,124.0,6.0,8.0
428.0,124.0,7.0,7.0
430.0,124.0,7.0,6.0
432.0,124.0,4.0,5.0
434.0,124.0,4.0,7.0